category_colname,category_renamed,group_name,occurrence,C_filter,organoid_filter,tumor_filter,OoC_filter,ToC_filter,supp_parts,A_filter,B_filter
TF_organ_development,organ development,research interests,1868,A,A,A,A,A,1,A,C
TF_tumor,tumor,research interests,4494,C,A,A,A,A,1,C,A
TF_disease,disease,research interests,6387,A,A,A,A,A,1,A,A
TF_drug_development,drug development,research interests,1764,A,A,A,A,A,1,A,A
TF_drug_delivery,drug delivery,research interests,172,C,C,C,A,A,1,C,A
TF_pharmacokinetics,pharmaco-kinetics/dynamics,research interests,270,C,A,C,A,A,1,A,A
TF_pharmacogenomics,pharmacogenomics,research interests,17,C,C,C,C,C,1,C,A
TF_toxicology,toxicology,research interests,237,C,C,C,A,A,1,A,A
TF_electrophysiology,electrophysiology,research interests,183,C,A,C,A,A,1,C,C
TF_mechanobiology,mechanobiology,research interests,98,C,C,C,A,A,1,C,A
TF_high_throughput_screening,high-throughput screening,research interests,268,C,A,A,A,A,1,C,C
TF_ethics,ethics,research interests,157,C,C,C,C,C,1,C,C
TF_human,human,major research organism,7902,A,A,A,A,A,1,A,A
TF_mouse,mouse,major research organism,3264,A,A,A,A,A,1,A,A
TF_stem_cell,stem cell,cell source,3127,C,C,C,C,C,1,A,A
TF_induced_pluripotent_stem_cell,induced pluripotent stem cell,cell source,980,A,A,A,A,A,1,A,C
TF_embryonic_stem_cell,embryonic stem cell,cell source,262,A,A,A,A,A,1,A,C
TF_adult_stem_cell,adult stem cell,cell source,554,A,C,C,C,C,1,C,C
TF_progenitor_cell,progenitor cell,cell source,222,C,C,C,C,C,1,C,C
TF_tissue,tissue,cell source,79,C,C,C,C,C,1,C,C
TF_pluripotent_stem_cell,pluripotent stem cell,cell source,1726,C,C,C,C,C,1,C,C
TF_adult_cell,adult cell,cell source,822,C,A,A,A,A,1,A,C
TF_tumor_cell,tumor cell,cell source,1547,C,C,A,A,A,1,C,C
TF_ADHD,ADHD,neurological disease,2,C,C,C,C,C,2,C,C
TF_epilepsy,epilepsy,neurological disease,38,A,A,C,C,C,2,A,C
TF_guillain_barre_syndrome,Guillain-Barre syndrome,neurological disease,15,C,C,C,C,C,2,C,C
TF_hypertonia,hypertonia,neurological disease,1,C,C,C,C,C,2,C,C
TF_leigh_syndrome,Leigh syndrome,neurological disease,3,C,C,C,C,C,2,C,C
TF_traumatic_brain_injury,traumatic brain injury,neurological disease,19,C,A,C,C,C,2,A,C
TF_neurodegenerative_disorder,neurodegenerative disorder,neurodegenerative disorder,281,C,A,C,A,A,2,A,A
TF_alzheimers_disease,Alzheimer's disease,neurodegenerative disorder,95,A,A,C,A,A,2,A,C
TF_huntingtons_disease,Huntington's disease,neurodegenerative disorder,8,C,C,C,C,C,2,C,C
TF_parkinsons_disease,Parkinson's disease,neurodegenerative disorder,69,A,A,C,A,A,2,A,C
TF_motor_neuron_disease,motor neuron disease,neurodegenerative disorder,23,C,C,C,C,C,2,A,C
TF_mental_disorder,mental disorder,mental disorder,121,C,A,C,A,A,2,A,C
TF_attentione_deficit,attentione deficit,mental disorder,2,C,C,C,C,C,2,C,C
TF_autism_spectrum,autism spectrum,mental disorder,51,A,A,C,C,C,2,A,C
TF_bipolar_disorders,bipolar disorders,mental disorder,12,C,C,C,C,C,2,C,C
TF_schizophrenia,schizophrenia,mental disorder,44,A,A,C,C,C,2,A,C
TF_macular_degeneration,macular degeneration,eye disease,28,C,A,C,A,A,2,A,C
TF_amaurosis,amaurosis,eye disease,17,C,C,C,C,C,2,C,C
TF_glaucoma,glaucoma,eye disease,13,C,C,C,A,A,2,C,C
TF_retinal_degenerative_disease,retinal degenerative disease,eye disease,104,C,C,C,A,A,2,A,C
TF_retinal_dystrophy,retinal dystrophy,eye disease,52,A,A,C,A,A,2,A,C
TF_retinitis_pigmentosa,retinitis pigmentosa,eye disease,39,A,C,C,A,A,2,A,C
TF_stargardt_disease,stargardt disease,eye disease,6,C,C,C,C,C,2,C,C
TF_acute_respiratory_distress_syndrome,acute respiratory distress syndrome,respiratory disease,11,C,C,C,C,C,2,C,C
TF_chronic_obstructive_pulmonary_disease,chronic obstructive pulmonary disease,respiratory disease,30,A,C,C,A,A,2,A,C
TF_pulmonary_hypertension,pulmonary hypertension,respiratory disease,7,C,C,C,C,C,2,C,C
TF_pulmonary_vascular_disease,pulmonary vascular disease,respiratory disease,6,C,C,C,C,C,2,C,C
TF_respiratory_distress,respiratory distress,respiratory disease,12,C,C,C,C,C,2,A,C
TF_emphysema,emphysema,respiratory disease,19,C,C,C,C,C,2,A,C
TF_asthma,asthma,respiratory disease,16,C,C,C,A,A,2,C,C
TF_aneurysm,aneurysm,cardiovascular disease,12,C,C,C,C,C,2,C,C
TF_arrhythmia,arrhythmia,cardiovascular disease,16,C,C,C,A,A,2,A,C
TF_atherosclerosis,atherosclerosis,cardiovascular disease,20,C,C,C,A,A,2,A,C
TF_congenital_heart_disease,congenital heart disease,cardiovascular disease,8,C,C,C,C,C,2,C,C
TF_single_ventricle,single ventricle,cardiovascular disease,1,C,C,C,C,C,2,C,C
TF_endocarditis,endocarditis,cardiovascular disease,2,C,C,C,C,C,2,C,C
TF_hemolytic_uremic_syndrome,hemolytic uremic syndrome,cardiovascular disease,8,C,C,C,C,C,2,C,C
TF_hypoplastic_left_heart_syndrome,hypoplastic left heart syndrome,cardiovascular disease,1,C,C,C,C,C,2,C,C
TF_ischemia,ischemia,cardiovascular disease,79,A,A,A,A,A,3,A,A
TF_Long_QT_syndrome,Long QT syndrome,cardiovascular disease,3,C,C,C,C,C,2,C,C
TF_sickle_cell_disease,sickle cell disease,cardiovascular disease,8,C,C,C,C,C,2,A,C
TF_thrombosis,thrombosis,cardiovascular disease,31,A,C,C,A,A,2,A,C
TF_extravasation,extravasation,cardiovascular disease,38,C,C,A,A,A,2,A,A
TF_heart_failure,heart failure,cardiovascular disease,15,C,C,C,A,A,2,A,C
TF_gastroesophageal_reflux_disease,gastroesophageal reflux disease,gastrointestinal disease,5,C,C,C,C,C,2,C,C
TF_gastroenteritis,gastroenteritis,gastrointestinal disease,89,C,A,C,C,C,2,C,C
TF_gastritis,gastritis,gastrointestinal disease,17,C,C,C,C,C,2,A,C
TF_enterocolitis,enterocolitis,gastrointestinal disease,528,C,A,C,A,A,2,A,A
TF_enteritis,enteritis,gastrointestinal disease,18,C,C,C,C,C,2,C,C
TF_colitis,colitis,gastrointestinal disease,483,C,A,A,A,A,2,A,A
TF_inflammatory_bowel_disease,inflammatory bowel disease,gastrointestinal disease,365,A,A,A,A,A,2,A,A
TF_ulcerative_colitis,ulcerative colitis,gastrointestinal disease,115,A,A,A,C,C,2,A,A
TF_crohns_disease,Crohn's disease,gastrointestinal disease,90,A,A,A,C,C,2,A,C
TF_coeliac_disease,coeliac disease,gastrointestinal disease,13,C,C,C,C,C,2,C,C
TF_microvillous_inclusion_disease,microvillous inclusion disease,gastrointestinal disease,14,C,C,C,C,C,2,C,A
TF_mucositis,mucositis,gastrointestinal disease,8,C,C,C,C,C,2,C,C
TF_irritable_bowel_syndrome,irritable bowel syndrome,gastrointestinal disease,16,C,C,C,C,C,2,C,A
TF_short_bowel_syndrome,short bowel syndrome,gastrointestinal disease,29,C,A,C,C,C,2,A,A
TF_diarrhea,diarrhea,gastrointestinal disease,131,A,C,C,C,C,2,A,C
TF_barretts_esophagus,Barrett's esophagus,gastrointestinal disease,18,C,C,C,C,C,2,A,A
TF_diabetes,diabetes,hepatic or pancreatic disease,243,A,A,A,A,A,2,A,A
TF_cholestasis,cholestasis,hepatic or pancreatic disease,20,C,C,C,C,C,2,A,A
TF_cirrhosis,cirrhosis,hepatic or pancreatic disease,44,A,A,A,A,A,2,A,A
TF_hepatotoxicity,hepatotoxicity,hepatic or pancreatic disease,67,A,A,A,A,A,2,A,C
TF_fatty_liver_disease,fatty liver disease,hepatic or pancreatic disease,73,A,A,A,A,A,2,A,A
TF_hepatitis,hepatitis,hepatic or pancreatic disease,37,A,A,A,A,A,2,A,A
TF_acute_liver_failure,acute liver failure,hepatic or pancreatic disease,10,C,C,C,C,C,2,C,C
TF_cholangitis,cholangitis,hepatic or pancreatic disease,23,C,C,C,C,C,2,A,C
TF_chronic_kidney_disease,chronic kidney disease,kidney disease,46,A,A,C,A,A,2,A,C
TF_end_stage_renal_disease,end-stage renal disease,kidney disease,42,A,A,A,A,A,2,A,C
TF_nephrotoxicity,nephrotoxicity,kidney disease,77,A,A,A,A,A,2,A,C
TF_polycystic_kidney_disease,polycystic kidney disease,kidney disease,30,A,A,C,A,A,2,A,C
TF_acute_kidney_injury,acute kidney injury,kidney disease,29,C,A,C,A,A,2,A,C
TF_fibrosis,fibrosis,fibrosis,424,A,A,A,A,A,2,A,A
TF_cystic_fibrosis,cystic fibrosis,fibrosis,185,C,A,A,A,A,2,A,A
TF_idiopathic_pulmonary_fibrosis,idiopathic pulmonary fibrosis,fibrosis,37,A,A,C,A,A,2,A,C
TF_alagille_syndrome,Alagille syndrome,genetic disorder,6,C,C,C,C,C,3,C,C
TF_alport_syndrome,Alport syndrome,genetic disorder,2,C,C,C,C,C,3,C,C
TF_charcot_marie_tooth,Charcot-Marie-Tooth,genetic disorder,1,C,C,C,C,C,3,C,C
TF_ciliopathy,ciliopathy,genetic disorder,13,C,C,C,C,C,3,C,C
TF_creatine_transporter_deficiency,creatine transporter deficiency,genetic disorder,0,C,C,C,C,C,3,C,C
TF_dravet_syndrome,Dravet syndrome,genetic disorder,1,C,C,C,C,C,3,C,C
TF_Friedreichs_ataxia,Friedreich's ataxia,genetic disorder,2,C,C,C,C,C,3,C,C
TF_fragile_X_syndrome,fragile X syndrome,genetic disorder,5,C,C,C,C,C,3,C,C
TF_hermansky_pudlak_syndrome,Hermansky-Pudlak syndrome,genetic disorder,3,C,C,C,C,C,3,C,C
TF_hirschsprung_disease,Hirschsprung's disease,genetic disorder,10,C,C,C,C,C,3,C,C
TF_lynch_syndrome,Lynch syndrome,genetic disorder,10,C,C,A,C,C,3,C,A
TF_lysosomal_storage_disease,lysosomal storage disease,genetic disorder,2,C,C,C,C,C,3,C,C
TF_microcephaly,microcephaly,genetic disorder,91,A,A,C,C,C,3,A,C
TF_niemann_pick_disease,Niemann-Pick disease,genetic disorder,1,C,C,C,C,C,3,C,C
TF_Nijmegen_breakage_syndrome,Nijmegen breakage syndrome,genetic disorder,1,C,C,C,C,C,3,C,C
TF_primary_ciliary_dyskinesia,primary ciliary dyskinesia,genetic disorder,6,C,C,C,C,C,3,C,C
TF_progeria,progeria,genetic disorder,3,C,C,C,C,C,3,C,C
TF_down_syndrome,Down syndrome,genetic disorder,22,C,C,C,C,C,3,A,C
TF_rett_syndrome,Rett syndrome,genetic disorder,12,C,C,C,C,C,3,C,C
TF_usher_syndrome,Usher syndrome,genetic disorder,4,C,C,C,C,C,3,C,C
TF_wilson_disease,Wilson's disease,genetic disorder,6,C,C,C,C,C,3,C,C
TF_arthritis,arthritis,other disease,46,A,A,C,A,A,2,C,C
TF_osteoarthritis,osteoarthritis,other disease,29,C,C,C,A,C,2,A,C
TF_muscular_dystrophy,muscular dystrophy,other disease,15,C,C,C,A,A,2,C,C
TF_autoimmune_disease,autoimmune disease,other disease,30,A,C,C,C,C,3,A,C
TF_atresia,atresia,other disease,20,C,C,C,C,C,3,C,C
TF_callus,callus,other disease,9,C,C,C,C,C,3,C,C
TF_dystrophy,dystrophy,other disease,43,A,A,C,C,C,3,A,C
TF_endometriosis,endometriosis,other disease,22,C,C,A,A,A,3,A,A
TF_graft_versus_host_disease,graft-versus-host disease,other disease,12,C,C,C,C,C,3,C,C
TF_helminthiasis,helminthiasis,other disease,12,C,C,C,C,C,3,C,A
TF_hyperplasia,hyperplasia,other disease,87,C,C,C,C,C,3,C,C
TF_hypoxia,hypoxia,other disease,204,C,C,A,A,A,3,C,A
TF_reperfusion_injury,reperfusion injury,other disease,18,C,C,C,A,A,3,C,C
TF_injury,injury,other disease,747,C,A,A,A,A,3,A,A
TF_radiation_injury,radiation injury,other disease,39,C,A,A,C,C,3,A,C
TF_refractory_disease,refractory disease,other disease,6,C,C,A,C,C,3,C,A
TF_metaplasia,metaplasia,other disease,63,C,C,C,C,C,3,C,C
TF_obesity,obesity,other disease,92,A,A,A,A,A,3,A,A
TF_polyposis,polyposis,other disease,58,C,A,A,C,C,3,C,A
TF_pre_eclampsia,pre-eclampsia,other disease,13,C,C,C,C,C,3,C,C
TF_prion,prion,other disease,11,C,C,C,C,C,3,C,C
TF_psoriasis,psoriasis,other disease,9,C,C,C,C,C,3,C,C
TF_sclerosis,sclerosis,other disease,67,A,C,A,A,A,3,A,C
TF_thyroid_associated_orbitopathy,thyroid-associated orbitopathy,other disease,1,C,C,C,C,C,3,C,C
TF_ulcer,ulcer,other disease,17,C,C,C,C,C,3,A,C
TF_sepsis,sepsis,other disease,28,C,C,C,C,C,3,A,C
TF_coronavirus,coronavirus,viral disease,311,A,A,C,A,A,3,A,A
TF_Zika_virus,Zika virus,viral disease,107,A,A,C,C,C,3,A,C
TF_astrovirus,astrovirus,viral disease,5,C,C,C,C,C,3,C,C
TF_enterovirus,enterovirus,viral disease,23,C,C,C,C,C,3,A,C
TF_flavivirus,flavivirus,viral disease,28,C,C,C,C,C,3,A,C
TF_norovirus,norovirus,viral disease,59,A,A,C,C,C,3,A,C
TF_rotavirus,rotavirus,viral disease,39,A,A,C,C,C,3,A,C
TF_dengue,dengue,viral disease,15,C,C,C,C,C,3,C,C
TF_influenza,influenza,viral disease,33,A,A,C,C,C,3,A,C
TF_HIV,HIV,viral disease,27,C,C,C,C,C,3,A,C
TF_HPV,HPV,viral disease,12,C,C,C,C,C,3,C,A
TF_host_microbe_interactions,host-microbe interactions,symbionts and pathogens,727,C,A,A,A,A,3,A,A
TF_probiotics,probiotics,symbionts and pathogens,56,C,A,C,A,A,3,C,C
TF_Chlamydia,Chlamydia,symbionts and pathogens,8,C,C,C,C,C,3,A,C
TF_Citrobacter,Citrobacter,symbionts and pathogens,16,C,C,C,C,C,3,C,C
TF_Escherichia_coli,Escherichia coli,symbionts and pathogens,104,C,A,C,A,A,3,A,A
TF_lactobacillus,Lactobacillus,symbionts and pathogens,55,C,A,C,A,A,3,A,C
TF_Helicobacter_pylori,Helicobacter pylori,symbionts and pathogens,50,C,A,C,C,C,3,A,A
TF_Clostridioides_difficile,Clostridioides difficile,symbionts and pathogens,23,C,C,C,C,C,3,A,C
TF_Salmonella,Salmonella,symbionts and pathogens,71,C,A,C,C,C,3,A,A
TF_Staphylococcus,Staphylococcus,symbionts and pathogens,23,C,C,C,C,C,3,A,C
TF_tuberculosis,tuberculosis,symbionts and pathogens,5,C,C,C,C,C,3,C,C
TF_Cryptosporidium,Cryptosporidium,symbionts and pathogens,8,C,C,C,C,C,3,A,C
TF_malaria,malaria,symbionts and pathogens,14,C,C,C,C,C,3,A,C
TF_nematode,nematode,symbionts and pathogens,25,C,C,C,C,C,3,A,C
TF_Toxoplasma,Toxoplasma,symbionts and pathogens,7,C,C,C,C,C,3,C,C
TF_cancer,cancer,oncology,3542,C,C,C,C,C,5,C,A
TF_neoplasm,neoplasm,oncology,199,C,C,C,C,C,5,C,A
TF_leukemia,leukemia,oncology,47,C,C,C,C,C,5,C,A
TF_metastasis,metastasis,tumor physiology,755,C,C,A,A,A,4,C,A
TF_circulating_tumor_cell,circulating tumor cell,tumor physiology,35,C,C,A,A,A,4,C,A
TF_minimal_residual_disease,minimal residual disease,tumor physiology,6,C,C,C,C,C,4,C,A
TF_tumor_heterogeneity,tumor heterogeneity,tumor physiology,116,C,C,A,C,C,4,C,A
TF_tumor_microenvironment,tumor microenvironment,tumor physiology,396,C,C,A,A,A,4,C,A
TF_tumor_vessel,tumor vessel,tumor physiology,5,C,C,C,C,C,4,C,C
TF_apoptosis,apoptosis,cell biology,750,C,A,A,A,A,4,C,C
TF_ferroptosis,ferroptosis,cell biology,37,C,C,C,C,C,4,C,C
TF_necroptosis,necroptosis,cell biology,21,C,C,C,C,C,4,C,C
TF_autophagy,autophagy,cell biology,141,C,C,A,C,C,4,C,C
TF_ER_stress,ER stress,cell biology,103,C,C,C,C,C,4,C,C
TF_reactive_oxigen_species,reactive oxigen species,cell biology,316,C,A,A,A,A,4,C,C
TF_redox,redox,cell biology,53,C,C,C,C,C,4,C,C
TF_barrier_function,barrier function,physiology,334,C,A,C,A,A,4,C,C
TF_epithelial_barrier,epithelial barrier,physiology,220,C,A,C,A,A,4,C,C
TF_epithelial_mesenchymal_transition,epithelial-mesenchymal transition,physiology,115,C,A,A,C,C,4,C,C
TF_stem_cell_niche,stem-cell niche,physiology,148,C,C,C,C,C,4,C,C
TF_chemotaxis,chemotaxis,physiology,45,C,C,C,C,C,4,C,C
TF_crypt_villus_axis,crypt-villus axis,physiology,26,C,C,C,C,C,4,C,C
TF_gut_brain_axis,gut-brain axis,physiology,13,C,C,C,C,C,4,C,C
TF_gut_liver_axis,gut-liver axis,physiology,10,C,C,C,C,C,4,C,C
TF_innate_immune_response,innate immune response,physiology,60,C,C,C,C,C,4,C,C
TF_quiescence,quiescence,physiology,30,C,C,C,C,C,4,C,C
TF_senescence,senescence,physiology,198,C,C,C,C,C,4,C,C
TF_ThreeD_printing,3D printing,generating techniques,218,C,A,C,A,A,1,C,C
TF_ThreeD_bioprinting,3D bioprinting,generating techniques,173,C,A,C,A,A,1,C,C
TF_self_organization,self organization,generating techniques,223,C,A,A,C,C,1,C,C
TF_grafted_organoid,grafted organoid,generating techniques,99,C,A,A,C,C,1,C,C
TF_vascularization,vascularization,generating techniques,298,C,A,A,A,A,1,C,C
TF_immune_cells,immune cells,generating techniques,565,C,A,A,C,C,1,C,C
TF_immune_cells_key,immune cells (key),generating techniques,105,C,C,C,C,C,1,C,C
TF_lymphatic,lymphatic,generating techniques,96,C,C,C,C,C,1,C,C
TF_primary_lymphoid_organs,primary lymphoid organs,generating techniques,167,C,C,C,C,C,1,C,C
TF_secondary_lymphoid_organs,secondary lymphoid organs,generating techniques,110,C,C,C,C,C,1,C,C
TF_macrophages,macrophages,generating techniques,267,C,C,C,C,C,1,C,C
TF_resident_immune_cells,resident immune cells,generating techniques,31,C,C,C,C,C,1,C,C
TF_assembloids,assembloids,generating techniques,44,C,A,A,A,A,1,C,C
TF_multi_structure_organoid,multi-structure organoid,generating techniques,18,C,A,C,A,A,1,C,C
TF_gene_editing,gene editing,generating techniques,494,C,A,A,A,A,1,C,C
TF_tissue_engineering,tissue engineering,generating techniques,752,C,A,C,A,A,1,C,C
TF_cardiac_tissue_engineering,cardiac tissue engineering,generating techniques,37,C,C,C,A,A,1,C,C
TF_engineered_heart_tissue,engineered heart tissue,generating techniques,10,C,C,C,A,A,1,C,C
TF_microelectrode_array,microelectrode array,generating techniques,65,C,C,C,A,A,1,C,C
TF_organoid,organoids,generating techniques,9354,C,C,C,A,A,1,C,C
TF_organ_on_chip,organ-on-a-chip,generating techniques,2868,C,A,A,C,C,1,C,C
TF_lentivirus,lentivirus,generating techniques,106,C,C,C,C,C,1,C,C
TF_genomics,genomics,analytical techniques,447,C,A,A,A,A,1,C,C
TF_epigenetics,epigenetics,analytical techniques,316,C,A,A,A,A,1,C,C
TF_exome_sequencing,exome sequencing,analytical techniques,80,C,A,A,C,C,1,C,C
TF_transcriptomics,transcriptomics,analytical techniques,963,C,A,A,A,A,1,C,C
TF_sc_RNA_seq,scRNA seq,analytical techniques,397,C,A,A,C,C,1,C,C
TF_proteomics,proteomics,analytical techniques,262,C,A,A,A,A,1,C,C
TF_metabolomics,metabolomics,analytical techniques,105,C,A,A,A,A,1,C,C
TF_next_generation_sequencing,next-generation sequencing,analytical techniques,77,C,C,C,C,C,1,C,C
TF_immunohistochemistry,immunohistochemistry,analytical techniques,1084,C,C,C,C,C,1,C,C
TF_cell_lineage,cell lineage,analytical techniques,238,C,C,C,C,C,1,C,C
TF_whole_mount_techniques,whole-mount techniques,analytical techniques,35,C,C,C,C,C,1,C,C
TF_TEER,TEER,analytical techniques,147,C,A,C,A,A,1,C,C
TF_acoustofluidics,acoustofluidics,analytical techniques,14,C,C,C,C,C,1,C,C
TF_optogenetics,optogenetics,analytical techniques,23,C,C,C,C,C,1,C,C
TF_high_content_analysis,high-content analysis,analytical techniques,73,C,C,C,A,A,1,C,C
TF_machine_learning,machine learning,analytical techniques,117,C,C,C,C,C,1,C,C
TF_expansion_microscopy,expansion microscopy,imaging techniques,6,C,C,C,C,C,1,C,C
TF_intravital_microscopy,intravital microscopy,imaging techniques,13,C,C,C,C,C,1,C,C
TF_optical_coherence_tomography,optical coherence tomography,imaging techniques,25,C,C,C,C,C,1,C,C
TF_quantitative_phase_imaging,quantitative phase imaging,imaging techniques,6,C,C,C,C,C,1,C,C
TF_Raman_spectroscopy,Raman spectroscopy,imaging techniques,27,C,C,C,C,C,1,C,C
TF_biobanking,biobank,clinical interests,89,C,A,A,C,C,4,C,A
TF_clinical_study,clinical study,clinical interests,357,C,A,A,A,A,4,A,A
TF_preclinical_model,preclinical model,clinical interests,1502,C,A,A,A,A,4,A,A
TF_precision_medicine,personalized medicine,clinical interests,627,C,A,A,A,A,4,A,A
TF_homeostasis,homeostasis,clinical interests,806,C,C,C,C,C,4,C,A
TF_regeneration,regeneration,clinical interests,1218,C,A,A,A,A,4,C,A
TF_transplantation,transplantation,clinical interests,579,C,C,C,C,C,4,C,A
TF_cell_therapy,cell therapy,clinical interests,170,C,C,C,C,C,4,C,A
TF_drug_therapy,drug therapy,clinical interests,158,C,C,C,C,C,4,C,A
TF_gene_therapy,gene therapy,clinical interests,74,C,C,C,C,C,4,C,A
TF_photodynamic_therapy,photodynamic therapy,clinical interests,24,C,C,C,C,C,4,C,A
TF_photothermal_therapy,photothermal therapy,clinical interests,6,C,C,C,C,C,4,C,A
TF_replacement_therapy,replacement therapy,clinical interests,60,C,C,C,C,C,4,C,C
TF_targeted_therapy,targeted therapy,clinical interests,170,C,C,C,C,C,4,C,A
TF_patient_derived,patient-derived material,clinical interests,1534,C,A,A,A,A,4,C,A
TF_monkey,monkey,minor research organism,19,A,A,C,C,C,4,A,C
TF_ape,ape,minor research organism,11,A,A,C,C,C,4,A,C
TF_dog,dog,minor research organism,41,A,A,A,A,A,4,A,A
TF_cat,cat,minor research organism,10,C,A,C,A,A,4,A,A
TF_cow,cattle,minor research organism,36,A,A,C,A,A,4,A,C
TF_pig,pig,minor research organism,80,A,A,C,A,A,4,A,A
TF_horse,horse,minor research organism,14,A,A,C,A,A,4,A,C
TF_sheep,sheep,minor research organism,4,C,A,C,C,C,4,A,C
TF_rabbit,rabbit,minor research organism,6,C,A,C,C,C,4,A,C
TF_bat,bat,minor research organism,5,C,C,C,C,C,4,A,C
TF_bird,bird,minor research organism,36,A,A,C,C,C,4,A,C
TF_snake,snake,minor research organism,2,C,A,C,C,C,4,A,C
TF_fish,fish,minor research organism,19,A,A,C,A,A,4,A,A
TF_fly,fly,minor research organism,3,C,C,C,C,C,4,A,A
TF_frog,frog,minor research organism,3,C,A,C,C,C,4,A,C
TF_turtle,tutrle,minor research organism,0,C,C,C,C,C,4,C,C
TF_plant,plant,minor research organism,2,C,C,C,C,C,4,C,C
TF_mass_spectrometry,mass spectrometry,analytical techniques,245,C,C,C,C,C,1,C,C
TF_MS_imaging,Mass spectrometry-imaging,imaging techniques,9,C,C,C,C,C,1,C,C
TF_atomic_force_microscopy,atomic force microscopy,imaging techniques,37,C,C,C,C,C,1,C,C
TF_fluorescence_lifetime_imaging_microscopy,fluorescence-lifetime imaging microscopy,imaging techniques,21,C,C,C,C,C,1,C,C
TF_light_sheet_microscopy,light-sheet microscopy,imaging techniques,18,C,C,C,C,C,1,C,C
TF_transmission_electron_microscopy,transmission electron microscopy,imaging techniques,74,C,C,C,C,C,1,C,C
TF_scanning_electron_microscopy,scanning electron microscopy,imaging techniques,61,C,C,C,C,C,1,C,C
TF_FACS,FACS,analytical techniques,33,C,C,C,C,C,1,C,C
TF_patient_derived_xenograft,patient-derived xenograft,clinical interests,290,C,C,A,C,C,4,C,A
TF_patient_derived_organoid,patient-derived organoid,clinical interests,640,C,C,A,C,C,4,C,A
TF_patient_derived_tumor_organoid,patient-derived tumor organoid,clinical interests,118,C,C,A,C,C,4,C,A
TF_adenocarcinoma,adenocarcinoma,oncology,475,C,C,C,C,C,5,C,A
TF_adenoma,adenoma,oncology,132,C,C,C,C,C,5,C,A
TF_adenomyoepithelioma,adenomyoepithelioma,oncology,1,C,C,C,C,C,5,C,C
TF_ameloblastoma,ameloblastoma,oncology,5,C,C,C,C,C,5,C,C
TF_angioma,angioma,oncology,2,C,C,C,C,C,5,C,C
TF_angiomyolipoma,angiomyolipoma,oncology,2,C,C,C,C,C,5,C,C
TF_angiosarcoma,angiosarcoma,oncology,1,C,C,C,C,C,5,C,C
TF_astrocytoma,astrocytoma,oncology,3,C,C,C,C,C,5,C,C
TF_astroglioma,astroglioma,oncology,1,C,C,C,C,C,5,C,C
TF_blastoma,blastoma,oncology,3,C,C,C,C,C,5,C,C
TF_carcinoma,carcinoma,oncology,537,C,C,C,C,C,5,C,A
TF_carcinosarcoma,carcinosarcoma,oncology,3,C,C,C,C,C,5,C,C
TF_cholangiocarcinoma,cholangiocarcinoma,oncology,64,C,C,C,C,C,5,C,A
TF_chondosarcoma,chondosarcoma,oncology,1,C,C,C,C,C,5,C,C
TF_chondrosarcoma,chondrosarcoma,oncology,5,C,C,C,C,C,5,C,C
TF_chordoma,chordoma,oncology,3,C,C,C,C,C,5,C,C
TF_choriocarcinoma,choriocarcinoma,oncology,1,C,C,C,C,C,5,C,C
TF_choristoma,choristoma,oncology,2,C,C,C,C,C,5,C,C
TF_craniopharyngioma,craniopharyngioma,oncology,1,C,C,C,C,C,5,C,C
TF_cystadenolymphoma,cystadenolymphoma,oncology,1,C,C,C,C,C,5,C,C
TF_dermatofibrosarcoma,dermatofibrosarcoma,oncology,2,C,C,C,C,C,5,C,C
TF_ependymoma,ependymoma,oncology,2,C,C,C,C,C,5,C,C
TF_fibroadenoma,fibroadenoma,oncology,1,C,C,C,C,C,5,C,C
TF_fibrosarcoma,fibrosarcoma,oncology,3,C,C,C,C,C,5,C,C
TF_ganglioneuroma,ganglioneuroma,oncology,2,C,C,C,C,C,5,C,C
TF_gastrinoma,gastrinoma,oncology,2,C,C,C,C,C,5,C,C
TF_glioblastoma,glioblastoma,oncology,130,C,C,C,C,C,5,C,A
TF_glioma,glioma,oncology,63,C,C,C,C,C,5,C,A
TF_hamartoma,hamartoma,oncology,10,C,C,C,C,C,5,C,C
TF_hemangioma,hemangioma,oncology,1,C,C,C,C,C,5,C,C
TF_hepatoblastoma,hepatoblastoma,oncology,6,C,C,C,C,C,5,C,C
TF_hepatocarcinoma,hepatocarcinoma,oncology,6,C,C,C,C,C,5,C,C
TF_hepatoma,hepatoma,oncology,24,C,C,C,C,C,5,C,C
TF_insulinoma,insulinoma,oncology,4,C,C,C,C,C,5,C,C
TF_leiomyoma,leiomyoma,oncology,1,C,C,C,C,C,5,C,C
TF_leiomyosarcoma,leiomyosarcoma,oncology,1,C,C,C,C,C,5,C,C
TF_lipofibroadenoma,lipofibroadenoma,oncology,1,C,C,C,C,C,5,C,C
TF_liposarcoma,liposarcoma,oncology,1,C,C,C,C,C,5,C,C
TF_lymphoma,lymphoma,oncology,32,C,C,C,C,C,5,C,A
TF_medulloblastoma,medulloblastoma,oncology,8,C,C,C,C,C,5,C,C
TF_melanoma,melanoma,oncology,38,C,C,C,C,C,5,C,A
TF_meningioma,meningioma,oncology,10,C,C,C,C,C,5,C,C
TF_mesothelioma,mesothelioma,oncology,5,C,C,C,C,C,5,C,C
TF_microadenoma,microadenoma,oncology,1,C,C,C,C,C,5,C,C
TF_myeloma,myeloma,oncology,5,C,C,C,C,C,5,C,C
TF_myoepithelioma,myoepithelioma,oncology,1,C,C,C,C,C,5,C,C
TF_myoma,myoma,oncology,1,C,C,C,C,C,5,C,C
TF_myxofibrosarcoma,myxofibrosarcoma,oncology,1,C,C,C,C,C,5,C,C
TF_nephroblastoma,nephroblastoma,oncology,2,C,C,C,C,C,5,C,C
TF_nephroma,nephroma,oncology,1,C,C,C,C,C,5,C,C
TF_neuroblastoma,neuroblastoma,oncology,36,C,C,C,C,C,5,C,A
TF_neurofibroma,neurofibroma,oncology,0,C,C,C,C,C,5,C,C
TF_oligodendroglioma,oligodendroglioma,oncology,0,C,C,C,C,C,5,C,C
TF_oncocytoma,oncocytoma,oncology,3,C,C,C,C,C,5,C,C
TF_osteosarcoma,osteosarcoma,oncology,11,C,C,C,C,C,5,C,C
TF_papilloma,papilloma,oncology,3,C,C,C,C,C,5,C,C
TF_paraganglioma,paraganglioma,oncology,9,C,C,C,C,C,5,C,C
TF_perineurioma,perineurioma,oncology,1,C,C,C,C,C,5,C,C
TF_pheochromocytoma,pheochromocytoma,oncology,0,C,C,C,C,C,5,C,C
TF_plasmacytoma,plasmacytoma,oncology,1,C,C,C,C,C,5,C,C
TF_porocarcinoma,porocarcinoma,oncology,1,C,C,C,C,C,5,C,C
TF_prolactinoma,prolactinoma,oncology,1,C,C,C,C,C,5,C,C
TF_pseudomyxoma,pseudomyxoma,oncology,1,C,C,C,C,C,5,C,C
TF_retinoblastoma,retinoblastoma,oncology,19,C,C,C,C,C,5,C,A
TF_retinoma,retinoma,oncology,1,C,C,C,C,C,5,C,C
TF_rhabdomyosarcoma,rhabdomyosarcoma,oncology,3,C,C,C,C,C,5,C,C
TF_sarcoma,sarcoma,oncology,42,C,C,C,C,C,5,C,A
TF_schwannoma,schwannoma,oncology,2,C,C,C,C,C,5,C,C
TF_sialolipoma,sialolipoma,oncology,1,C,C,C,C,C,5,C,C
TF_syringocystadenoma,syringocystadenoma,oncology,0,C,C,C,C,C,5,C,C
TF_teratoma,teratoma,oncology,32,C,C,C,C,C,5,C,A
TF_thymolipoma,thymolipoma,oncology,1,C,C,C,C,C,5,C,C
TF_thymoma,thymoma,oncology,4,C,C,C,C,C,5,C,C
TF_thyroblastoma,thyroblastoma,oncology,1,C,C,C,C,C,5,C,C
TF_trichoadenoma,trichoadenoma,oncology,1,C,C,C,C,C,5,C,C